Country,State,Confirmed,Deaths,Recovered,Date
Russia,Berlin,1486.0,,50392.0,2022-05-07
France,New York,24762.0,2656.0,51021.0,2022-01-29
United Kingdom,Karnataka,27613.0,4875.0,18420.0,2021-07-20
United States,Florida,4196.0,2299.0,17202.0,2022-07-04
Russia,Moscow,,3882.0,2394.0,2021-12-21
Mexico,Paris,77349.0,1495.0,31485.0,2020-01-17
France,New York,65839.0,3161.0,,2020-03-08
Italy,Karnataka,42916.0,1450.0,15939.0,2020-05-12
France,Paris,9572.0,775.0,42735.0,2021-11-30
United States,London,29225.0,4489.0,28159.0,2022-07-07
Italy,Paris,,2448.0,,2021-03-05
Spain,California,,4102.0,68365.0,2020-11-03
Italy,New York,33275.0,4793.0,68806.0,2021-10-11
Russia,Texas,73379.0,1159.0,57197.0,2020-06-22
Spain,Berlin,2105.0,3575.0,17151.0,2021-02-15
France,Moscow,60896.0,4152.0,49544.0,2020-04-06
Mexico,Texas,44209.0,1982.0,15133.0,2021-11-13
Germany,Karnataka,98175.0,2676.0,1069.0,2020-06-02
Mexico,New York,43487.0,473.0,,2021-11-25
France,Berlin,19051.0,4228.0,68009.0,2020-08-29
United States,Paris,95244.0,2191.0,33538.0,2020-10-30
Germany,New York,78400.0,1652.0,49588.0,2020-10-11
France,Paris,67961.0,3898.0,67293.0,2020-01-27
United Kingdom,London,61156.0,850.0,38638.0,2021-02-05
Russia,California,58175.0,2664.0,63810.0,2020-12-25
United Kingdom,Maharashtra,,4128.0,29257.0,2020-02-29
Spain,New York,19976.0,575.0,56651.0,2020-07-20
Brazil,Karnataka,57866.0,974.0,49772.0,2022-01-31
France,Paris,48078.0,,,2022-05-23
India,Texas,32113.0,1005.0,11344.0,2021-08-03
India,London,16401.0,1197.0,51955.0,2022-08-27
Italy,Karnataka,13884.0,4931.0,68947.0,2021-01-04
Mexico,Moscow,,4321.0,43566.0,2021-06-16
Mexico,Maharashtra,38563.0,,40504.0,2020-05-31
Mexico,London,35414.0,666.0,38833.0,2020-04-11
United Kingdom,California,17142.0,2992.0,40197.0,2022-06-17
Russia,Maharashtra,72492.0,1123.0,18134.0,2022-09-26
France,Paris,80464.0,4416.0,25061.0,2021-08-29
United States,Karnataka,76257.0,,18533.0,2021-03-21
Italy,Moscow,,3029.0,55563.0,2022-05-22
Spain,Florida,36135.0,2314.0,26421.0,2020-08-16
Germany,California,73232.0,2590.0,19840.0,2020-05-04
Spain,Berlin,28862.0,61.0,63281.0,2022-02-08
France,Paris,6190.0,1371.0,15401.0,2022-04-13
Brazil,Florida,71199.0,1204.0,11138.0,2022-09-25
Mexico,New York,5331.0,4029.0,39096.0,2022-05-30
Germany,Moscow,53186.0,3148.0,44824.0,2022-07-26
United Kingdom,Texas,45648.0,1658.0,,2020-08-23
France,Berlin,29549.0,681.0,25878.0,2020-06-10
Brazil,Karnataka,82782.0,787.0,51367.0,2021-07-07
United Kingdom,Moscow,26761.0,4937.0,43375.0,2022-02-26
Brazil,Maharashtra,4262.0,2289.0,64877.0,2020-12-18
Mexico,London,52259.0,3032.0,55191.0,2020-03-08
United Kingdom,Maharashtra,,,64803.0,2020-06-21
Russia,Maharashtra,,3149.0,61339.0,2022-04-22
India,New York,88858.0,1084.0,49563.0,2021-09-28
Spain,California,85667.0,1726.0,5992.0,2021-11-12
Russia,Texas,,1293.0,31857.0,2021-07-12
Germany,Berlin,74508.0,4696.0,32814.0,2020-09-17
Italy,California,81865.0,1996.0,49197.0,2020-08-04
India,Moscow,51617.0,2643.0,,2022-03-27
Russia,Maharashtra,87029.0,1011.0,,2020-05-03
France,New York,19595.0,1056.0,60511.0,2022-03-15
Brazil,Moscow,88459.0,2186.0,11186.0,2020-06-10
Germany,London,61148.0,,37949.0,2020-07-19
France,Texas,47926.0,1865.0,62106.0,2021-03-29
India,Berlin,76271.0,510.0,19391.0,2021-02-05
Brazil,London,35457.0,2243.0,52615.0,2021-04-06
Germany,New York,43531.0,4584.0,61219.0,2020-10-01
Italy,Texas,,2549.0,37223.0,2020-07-24
India,Moscow,74300.0,4618.0,30377.0,2020-02-09
Germany,Maharashtra,64171.0,3724.0,14526.0,2020-09-29
Russia,Maharashtra,46771.0,2342.0,20922.0,2021-11-30
Germany,Paris,94135.0,610.0,,2022-05-16
India,Maharashtra,67354.0,4294.0,33981.0,2020-04-02
Mexico,Florida,38289.0,998.0,58531.0,2020-02-11
Russia,Maharashtra,34892.0,1891.0,9021.0,2021-04-09
France,Florida,72196.0,4493.0,2246.0,2021-01-13
India,Karnataka,96057.0,1764.0,68732.0,2020-04-16
Mexico,Florida,39409.0,2474.0,12512.0,2020-11-23
United States,Texas,35470.0,2233.0,23957.0,2020-03-05
Italy,London,,4492.0,30460.0,2020-12-30
Mexico,Texas,24296.0,1504.0,8410.0,2022-03-31
United States,London,62716.0,862.0,3193.0,2021-04-28
Spain,Paris,90152.0,461.0,16358.0,2021-10-08
Brazil,Karnataka,27382.0,,29310.0,2022-06-19
Mexico,London,77675.0,1768.0,20592.0,2020-01-24
United Kingdom,London,,4318.0,,2021-06-23
Italy,New York,,,58605.0,2020-03-02
Mexico,California,94321.0,4146.0,31005.0,2021-05-05
United States,California,82238.0,4705.0,29055.0,2020-09-29
United Kingdom,New York,,3348.0,,2020-08-16
Italy,Maharashtra,,2598.0,12325.0,2020-01-20
United Kingdom,New York,13397.0,,,2020-01-03
Russia,London,58888.0,3530.0,536.0,2021-02-24
United States,London,,1789.0,39551.0,2021-12-30
Germany,New York,63182.0,3142.0,60571.0,2022-06-29
Russia,New York,93476.0,3583.0,,2020-11-02
Italy,Maharashtra,43249.0,3228.0,37148.0,2021-03-07
Italy,Texas,,3767.0,,2020-05-15
India,Karnataka,76603.0,4026.0,65629.0,2022-06-27
United States,Moscow,47144.0,2847.0,8828.0,2022-08-01
Spain,London,62772.0,2391.0,6833.0,2021-05-29
Spain,Karnataka,80360.0,4249.0,47138.0,2020-07-11
Italy,New York,14444.0,3946.0,11768.0,2021-08-07
Spain,Maharashtra,46647.0,4438.0,17545.0,2021-02-18
Brazil,Florida,99843.0,,41241.0,2022-05-22
India,Maharashtra,11974.0,4160.0,43270.0,2020-04-27
Italy,Berlin,39383.0,1340.0,8387.0,2021-10-27
Spain,Berlin,95826.0,2927.0,25418.0,2020-07-27
United States,Karnataka,82552.0,1456.0,35997.0,2022-08-09
Mexico,California,98648.0,1450.0,61509.0,2020-02-03
Germany,Berlin,95049.0,3754.0,12429.0,2021-10-10
Russia,Berlin,3956.0,2854.0,62262.0,2020-11-13
Russia,Texas,9077.0,4185.0,,2020-04-29
Brazil,Florida,37490.0,874.0,37838.0,2021-09-18
United Kingdom,Texas,56612.0,481.0,34783.0,2021-06-08
United States,Florida,37159.0,1512.0,47066.0,2021-08-03
United Kingdom,Paris,40710.0,,28513.0,2022-07-25
India,Moscow,84536.0,1420.0,52632.0,2022-04-24
Germany,London,14806.0,,28584.0,2022-02-07
India,Berlin,79345.0,1915.0,21643.0,2020-03-29
Italy,London,81391.0,4669.0,14679.0,2021-05-26
United States,Berlin,95924.0,,59226.0,2020-02-16
Italy,Texas,7458.0,,10722.0,2022-02-10
France,Moscow,36524.0,3493.0,60465.0,2022-01-09
Spain,Texas,7853.0,4572.0,64568.0,2022-08-16
Russia,Texas,41477.0,608.0,24449.0,2021-11-22
Mexico,Florida,33222.0,1001.0,16616.0,2021-06-05
Italy,California,19320.0,1942.0,51552.0,2020-10-10
United Kingdom,Maharashtra,95154.0,2794.0,51869.0,2021-01-11
France,Karnataka,53243.0,3051.0,49317.0,2021-09-29
Russia,London,46615.0,76.0,30155.0,2020-05-13
Italy,Paris,18352.0,3408.0,58302.0,2021-10-28
France,Berlin,73833.0,2760.0,48132.0,2020-09-04
France,Texas,94476.0,479.0,14693.0,2021-10-13
United States,California,4203.0,1734.0,31276.0,2020-11-13
India,Texas,,3995.0,43725.0,2021-03-11
France,Moscow,38941.0,1641.0,,2020-06-24
Brazil,Florida,83809.0,,65951.0,2022-04-14
India,Paris,26368.0,3022.0,,2021-11-16
Russia,Maharashtra,78186.0,2513.0,19395.0,2022-09-19
Russia,Moscow,31984.0,1496.0,66282.0,2021-08-08
Russia,New York,42941.0,4029.0,21709.0,2020-12-16
Russia,Paris,73918.0,4237.0,62307.0,2020-05-22
Brazil,Texas,53683.0,939.0,23586.0,2022-08-24
Italy,Moscow,18010.0,3022.0,27707.0,2022-03-14
Germany,Maharashtra,48965.0,1515.0,21397.0,2021-02-01
France,California,86269.0,4739.0,63583.0,2021-09-15
Russia,California,,2954.0,67457.0,2021-12-18
India,London,36969.0,2829.0,7783.0,2021-10-04
India,Maharashtra,83269.0,1194.0,755.0,2021-01-03
France,California,33449.0,298.0,15987.0,2021-05-15
Italy,Moscow,92679.0,1821.0,19846.0,2021-09-13
Mexico,London,26705.0,,35550.0,2021-01-04
Mexico,California,,926.0,9244.0,2021-08-01
Germany,Paris,,1718.0,25256.0,2021-01-16
Italy,Florida,31720.0,3584.0,62096.0,2020-03-26
France,New York,10972.0,,25646.0,2022-02-25
Mexico,Maharashtra,34351.0,1416.0,55532.0,2022-01-08
Mexico,Moscow,37145.0,1251.0,43187.0,2021-04-04
Mexico,Berlin,88948.0,3143.0,46603.0,2022-08-07
United Kingdom,Texas,90614.0,808.0,22476.0,2020-11-20
Brazil,Moscow,89116.0,1533.0,63363.0,2021-06-05
France,California,57235.0,4117.0,1091.0,2021-05-03
Spain,Moscow,15855.0,4938.0,6777.0,2022-07-17
United States,Berlin,37169.0,2898.0,62360.0,2021-01-31
United States,Texas,47404.0,2700.0,2760.0,2022-06-14
Italy,London,20569.0,4101.0,66383.0,2020-12-20
France,California,,1251.0,25241.0,2022-08-04
France,Karnataka,,,37711.0,2020-10-14
United States,California,26738.0,537.0,42042.0,2021-04-03
Germany,New York,7772.0,1505.0,7369.0,2021-09-15
United States,Karnataka,91410.0,3835.0,65232.0,2022-09-24
France,New York,20731.0,2903.0,,2021-06-19
Mexico,Berlin,11131.0,902.0,36113.0,2020-10-17
Germany,Maharashtra,67324.0,396.0,57516.0,2022-04-30
Russia,Texas,55097.0,1259.0,60610.0,2022-04-17
Spain,Florida,82720.0,2538.0,34533.0,2020-06-16
United Kingdom,London,97433.0,4513.0,45713.0,2022-08-07
Brazil,Florida,3889.0,,62493.0,2021-09-12
Russia,Paris,10569.0,907.0,13438.0,2021-03-03
India,Paris,88193.0,720.0,2774.0,2021-12-02
United States,Berlin,76677.0,3705.0,32315.0,2021-05-04
Spain,Maharashtra,86192.0,2696.0,19461.0,2020-12-20
United States,Paris,88154.0,4522.0,20544.0,2020-07-14
United States,California,78470.0,,22475.0,2021-06-28
Russia,Moscow,,1481.0,15206.0,2021-12-17
Mexico,New York,8612.0,4190.0,6474.0,2022-04-03
Mexico,Paris,52644.0,4272.0,21713.0,2022-07-20
United Kingdom,Berlin,33069.0,2441.0,2450.0,2021-11-24
Germany,New York,,2525.0,10911.0,2021-10-20
United States,California,28331.0,1105.0,46656.0,2022-07-27
Italy,Maharashtra,56897.0,819.0,63244.0,2022-02-18
Mexico,Texas,14934.0,,18271.0,2020-01-11
France,Florida,11095.0,1002.0,35553.0,2021-08-04
Spain,California,92494.0,1291.0,,2020-09-12
Italy,London,19706.0,4380.0,7545.0,2021-01-30
Russia,Karnataka,44516.0,1783.0,58123.0,2021-12-31
Russia,Berlin,98008.0,,30214.0,2022-03-19
United Kingdom,Florida,35629.0,3826.0,34886.0,2021-02-12
United Kingdom,London,47910.0,1766.0,9062.0,2020-12-27
Germany,Texas,89540.0,2383.0,55548.0,2020-09-15
France,London,21431.0,2586.0,12526.0,2020-01-03
Spain,Maharashtra,57733.0,,32089.0,2020-03-24
France,Karnataka,41088.0,4194.0,,2020-06-04
India,New York,45135.0,717.0,23947.0,2021-10-24
United Kingdom,Florida,39015.0,2407.0,55208.0,2020-06-24
Germany,Karnataka,32385.0,4492.0,64425.0,2021-12-07
Brazil,Moscow,71199.0,2144.0,52074.0,2022-07-26
United States,California,39677.0,,19312.0,2021-04-16
United States,Moscow,13818.0,,55809.0,2021-09-10
Brazil,California,89222.0,986.0,64730.0,2021-02-27
Mexico,Maharashtra,64001.0,744.0,42128.0,2020-05-13
France,Karnataka,24977.0,,41081.0,2022-02-26
Brazil,Texas,50832.0,2550.0,47128.0,2022-06-25
Germany,Paris,41931.0,642.0,25605.0,2022-05-13
Spain,London,,,69657.0,2021-01-14
Brazil,Paris,79894.0,4109.0,32942.0,2021-10-28
Germany,Karnataka,73204.0,2911.0,2847.0,2020-10-03
United Kingdom,Moscow,46784.0,1673.0,,2020-08-23
Italy,Paris,10921.0,2025.0,17610.0,2022-01-21
Russia,Berlin,35959.0,3191.0,62670.0,2022-05-31
Russia,Paris,33328.0,4073.0,5423.0,2020-01-13
India,California,9859.0,2640.0,,2020-12-07
France,Berlin,90506.0,3882.0,63271.0,2020-02-04
Spain,Florida,75408.0,1064.0,48635.0,2021-07-12
Italy,Paris,85766.0,390.0,19699.0,2020-08-01
Italy,Berlin,27708.0,,9566.0,2021-02-15
United Kingdom,Karnataka,19847.0,2401.0,52636.0,2021-02-08
Brazil,London,56989.0,1602.0,37075.0,2021-05-08
France,Florida,93641.0,4271.0,47233.0,2021-10-19
United States,Texas,5922.0,,17491.0,2020-06-07
Italy,Texas,70928.0,2399.0,23053.0,2022-08-13
Germany,Maharashtra,,3563.0,1134.0,2021-09-28
United States,Paris,14541.0,3037.0,13271.0,2020-04-19
India,London,20551.0,1217.0,18798.0,2021-07-02
Brazil,New York,20381.0,3863.0,36499.0,2022-02-27
Brazil,Berlin,56673.0,554.0,60148.0,2021-06-09
Spain,Florida,23948.0,3091.0,,2022-09-11
Italy,Karnataka,93264.0,3673.0,69874.0,2020-12-12
United Kingdom,Paris,60072.0,2249.0,68009.0,2022-01-13
Mexico,Karnataka,68560.0,2377.0,44940.0,2022-04-07
Mexico,New York,83249.0,3783.0,32155.0,2021-09-27
Russia,Maharashtra,3486.0,2637.0,43539.0,2020-10-05
Germany,New York,67691.0,,55755.0,2021-04-23
United States,California,,2484.0,55489.0,2020-04-20
India,Moscow,851050.0,3140.0,11744.0,2021-09-27
Russia,Florida,8086.0,3517.0,,2022-07-13
Brazil,Moscow,68853.0,106.0,40051.0,2021-03-06
United States,New York,71027.0,3868.0,63730.0,2021-06-25
France,Maharashtra,16916.0,2718.0,,2020-04-24
Italy,Maharashtra,16248.0,3346.0,69858.0,2020-03-30
India,Texas,69047.0,466.0,29378.0,2020-07-30
France,Paris,25226.0,4378.0,36657.0,2021-07-03
United Kingdom,Texas,26025.0,2997.0,,2021-08-17
Italy,Florida,49380.0,4098.0,27680.0,2021-06-22
United States,Florida,8848.0,3894.0,4188.0,2021-12-29
Italy,Florida,15274.0,1041.0,10416.0,2020-12-25
Russia,Karnataka,55545.0,217.0,56863.0,2021-04-30
Spain,Texas,97494.0,1947.0,27860.0,2021-01-06
Russia,Karnataka,36233.0,1156.0,38305.0,2020-08-02
United Kingdom,Moscow,17304.0,4309.0,13953.0,2022-01-02
Germany,Paris,,2574.0,23203.0,2020-01-15
France,New York,27425.0,452.0,59521.0,2022-08-12
Russia,Berlin,,4794.0,,2020-09-15
Spain,Texas,94311.0,842.0,48768.0,2022-02-16
Germany,Berlin,10425.0,1471.0,34748.0,2021-04-07
Russia,Maharashtra,92549.0,3526.0,,2020-04-29
Brazil,Texas,,1169.0,42539.0,2022-09-02
Spain,Moscow,45990.0,396.0,48300.0,2022-07-01
France,Texas,74746.0,2051.0,41261.0,2020-05-07
India,Karnataka,69295.0,2563.0,44163.0,2021-12-23
Mexico,Paris,17091.0,1728.0,40912.0,2021-06-06
Germany,New York,1002.0,,35867.0,2021-11-18
Brazil,London,51411.0,4060.0,6313.0,2021-10-06
India,New York,41958.0,3419.0,60394.0,2020-11-20
United States,New York,96696.0,699.0,51944.0,2020-11-15
Spain,Maharashtra,,1179.0,34769.0,2021-05-20
Brazil,Moscow,16248.0,4998.0,62248.0,2021-06-09
Italy,Berlin,72309.0,962.0,,2020-02-19
United States,Moscow,79322.0,4889.0,40818.0,2022-07-10
United States,London,52720.0,4600.0,37518.0,2021-08-06
Germany,Maharashtra,16037.0,3506.0,40259.0,2020-03-09
Spain,Paris,68421.0,3927.0,16998.0,2021-01-25
Brazil,New York,82867.0,4852.0,26489.0,2021-01-17
United Kingdom,Karnataka,41612.0,2494.0,26068.0,2020-01-16
Brazil,Maharashtra,89031.0,1864.0,67077.0,2021-03-14
Russia,Florida,14450.0,3449.0,30599.0,2022-04-25
United States,Texas,10491.0,3241.0,41139.0,2022-05-18
France,Moscow,,2607.0,23982.0,2021-07-21
United States,Maharashtra,94293.0,3993.0,69712.0,2021-09-08
United States,Florida,7791.0,2201.0,55761.0,2020-05-11
Mexico,Berlin,29314.0,2645.0,30548.0,2022-09-22
Italy,London,52883.0,,3565.0,2021-07-13
United Kingdom,London,95119.0,3822.0,2536.0,2020-09-04
India,New York,88086.0,3350.0,36314.0,2020-09-29
India,New York,66629.0,3921.0,60194.0,2021-09-14
Italy,Maharashtra,,1806.0,17424.0,2022-07-20
United States,Maharashtra,82754.0,4373.0,60704.0,2022-04-17
India,Paris,44220.0,1772.0,33344.0,2022-04-27
Spain,Texas,75163.0,4482.0,22018.0,2020-12-14
United Kingdom,California,5947.0,3295.0,17559.0,2021-04-28
India,Berlin,40419.0,1595.0,23552.0,2021-07-03
Italy,New York,,3573.0,9180.0,2020-12-22
Russia,California,89714.0,,67521.0,2022-01-21
India,California,29876.0,,20543.0,2020-11-13
United Kingdom,Texas,89444.0,,2919.0,2021-09-24
Germany,Karnataka,20971.0,3110.0,57392.0,2020-02-17
Germany,Karnataka,63539.0,3254.0,17640.0,2020-01-10
Spain,New York,99120.0,1050.0,43984.0,2020-08-20
Brazil,Florida,50228.0,3137.0,,2020-02-05
Brazil,Texas,75495.0,,45710.0,2021-02-16
India,Texas,29261.0,3639.0,58100.0,2021-04-06
France,Moscow,62260.0,2124.0,,2020-01-04
Russia,California,82371.0,1687.0,61192.0,2020-02-13
Italy,Moscow,85793.0,3104.0,62612.0,2021-07-21
Russia,California,4346.0,1008.0,31610.0,2021-07-07
Germany,Karnataka,97343.0,2294.0,16860.0,2020-09-11
India,New York,96954.0,,49910.0,2022-01-09
United Kingdom,Berlin,57176.0,1171.0,3517.0,2020-04-23
Italy,Karnataka,,2530.0,60624.0,2022-01-18
Russia,Texas,12340.0,3865.0,51449.0,2021-01-31
United Kingdom,Berlin,340120.0,,58768.0,2020-06-22
Italy,Maharashtra,36393.0,704.0,66820.0,2020-09-11
Russia,Berlin,76133.0,4422.0,31627.0,2021-04-10
Spain,Berlin,26557.0,,3696.0,2022-07-17
Germany,Karnataka,65204.0,3808.0,41800.0,2020-10-03
United States,Texas,74273.0,3693.0,50214.0,2021-04-08
Italy,Berlin,18276.0,1981.0,32421.0,2022-04-26
Germany,Karnataka,55639.0,1513.0,5246.0,2021-05-16
Mexico,Karnataka,8310.0,3259.0,69035.0,2021-03-16
France,Berlin,36167.0,4228.0,65850.0,2020-03-09
India,California,85880.0,3252.0,50845.0,2021-05-23
Mexico,Texas,11391.0,,49720.0,2020-11-21
United Kingdom,London,51621.0,1681.0,22563.0,2022-01-11
Italy,Berlin,11892.0,1092.0,46471.0,2020-03-07
India,Moscow,77733.0,1738.0,4098.0,2020-10-30
India,Moscow,79586.0,3861.0,11064.0,2022-08-29
Mexico,Maharashtra,37142.0,2152.0,50225.0,2021-04-28
Mexico,Texas,46679.0,,60440.0,2022-07-17
United States,Karnataka,,263.0,62585.0,2021-07-01
Russia,Paris,,4112.0,18362.0,2021-02-20
Italy,New York,80071.0,3552.0,10765.0,2020-06-07
Germany,Florida,42002.0,2785.0,10205.0,2020-05-28
Brazil,Paris,71658.0,4647.0,55779.0,2020-01-27
Italy,Texas,10852.0,3343.0,62971.0,2022-09-13
Italy,Texas,6387.0,4194.0,63479.0,2021-08-06
Italy,Berlin,98295.0,3289.0,56328.0,2020-09-04
India,Berlin,40994.0,4318.0,46604.0,2020-04-10
United Kingdom,Paris,34725.0,2891.0,41434.0,2021-12-02
India,Karnataka,73682.0,275.0,6550.0,2020-04-05
United Kingdom,Maharashtra,1560.0,2350.0,44452.0,2021-01-18
Mexico,Berlin,575650.0,3158.0,8984.0,2020-10-08
Brazil,Florida,2312.0,,63148.0,2020-11-17
India,Florida,19205.0,1014.0,60445.0,2021-01-30
United Kingdom,Maharashtra,,2104.0,54178.0,2020-10-04
India,California,88566.0,,,2021-06-12
France,California,22329.0,3281.0,35861.0,2020-09-19
India,Texas,69187.0,4532.0,10815.0,2021-09-10
Brazil,Berlin,76542.0,219.0,48468.0,2021-08-02
Brazil,Moscow,36645.0,897.0,27019.0,2021-10-01
United Kingdom,Paris,88502.0,163.0,9607.0,2020-10-19
United Kingdom,London,94382.0,3603.0,56281.0,2020-10-20
Mexico,Maharashtra,88310.0,,4369.0,2021-08-30
Brazil,Texas,,3434.0,27870.0,2021-01-29
Brazil,Moscow,34513.0,1294.0,63195.0,2021-05-27
United States,Berlin,,3158.0,60922.0,2022-07-09
Italy,Moscow,31783.0,778.0,8471.0,2022-03-20
Spain,Moscow,61645.0,992.0,26151.0,2020-06-28
India,Maharashtra,,3212.0,57474.0,2022-07-08
Russia,Texas,54175.0,4684.0,,2021-11-23
Mexico,Karnataka,85216.0,3536.0,38608.0,2020-08-22
Italy,Florida,63709.0,2797.0,4323.0,2022-08-09
Spain,Paris,18323.0,2220.0,13954.0,2022-04-10
United States,Texas,51762.0,1048.0,4432.0,2020-12-02
Russia,London,89220.0,3942.0,,2020-01-08
United Kingdom,Moscow,65222.0,551.0,68465.0,2021-03-18
Brazil,Karnataka,35493.0,368.0,28708.0,2022-07-29
France,Maharashtra,59328.0,859.0,,2021-06-22
Mexico,New York,13213.0,4532.0,44545.0,2022-03-30
Germany,Paris,98367.0,2554.0,11037.0,2021-10-19
Brazil,Paris,47930.0,4591.0,69634.0,2020-03-31
France,Florida,28713.0,1841.0,14282.0,2022-05-03
Spain,New York,73723.0,1482.0,66087.0,2020-09-28
United Kingdom,Berlin,99336.0,1446.0,22572.0,2022-04-13
Russia,New York,33583.0,339.0,46202.0,2020-01-05
Spain,Moscow,80944.0,4364.0,6557.0,2021-08-16
Brazil,Moscow,23369.0,4248.0,31416.0,2022-06-17
Brazil,Moscow,48928.0,4018.0,27768.0,2020-08-06
Russia,Moscow,69950.0,4732.0,44478.0,2020-04-27
Germany,Texas,20510.0,1398.0,23759.0,2021-08-15
France,Paris,13120.0,4195.0,,2022-09-02
Spain,New York,99575.0,729.0,34793.0,2021-08-04
United Kingdom,Paris,6295.0,3245.0,7543.0,2020-04-24
Brazil,London,21460.0,4586.0,50930.0,2020-09-19
Spain,New York,15963.0,2141.0,,2020-11-01
Germany,Texas,78116.0,,41142.0,2021-10-15
Spain,London,88822.0,682.0,31368.0,2021-02-25
Russia,Paris,28328.0,526.0,26809.0,2022-09-26
United Kingdom,London,85629.0,,23784.0,2020-07-25
United States,Florida,,3680.0,69500.0,2021-09-14
Russia,London,45813.0,791.0,62607.0,2020-10-29
Spain,New York,47371.0,3533.0,65549.0,2020-04-21
United States,Moscow,48598.0,3568.0,29765.0,2021-02-20
Brazil,Moscow,61776.0,2396.0,24380.0,2021-07-08
United States,Berlin,73258.0,4792.0,755.0,2022-05-08
Germany,Paris,41969.0,1599.0,2002.0,2020-10-11
India,Florida,379120.0,1511.0,,2021-10-01
Germany,New York,39374.0,3804.0,41866.0,2020-07-03
Russia,New York,73302.0,4328.0,27925.0,2022-01-10
India,Maharashtra,63784.0,3090.0,52828.0,2022-06-19
Russia,California,50882.0,1086.0,67896.0,2020-08-08
Mexico,Paris,16928.0,,6306.0,2022-05-13
United Kingdom,New York,22274.0,512.0,17606.0,2021-03-19
Italy,Karnataka,35416.0,1349.0,57231.0,2020-04-26
Brazil,New York,87148.0,3895.0,33099.0,2020-03-10
Brazil,Maharashtra,61998.0,633.0,9504.0,2022-06-16
Mexico,London,30047.0,1896.0,51864.0,2020-03-10
Spain,Texas,44356.0,3360.0,26292.0,2021-09-13
France,Texas,38134.0,1060.0,65412.0,2021-03-02
Russia,Karnataka,68042.0,3782.0,55145.0,2021-10-05
Italy,Karnataka,52310.0,3926.0,7732.0,2021-07-21
Italy,Berlin,,4028.0,,2022-09-15
Germany,Texas,13363.0,1339.0,49042.0,2021-03-18
Germany,London,86149.0,,6413.0,2021-08-23
France,Texas,45563.0,3377.0,11067.0,2020-05-16
Spain,California,31628.0,3961.0,38879.0,2021-05-18
Mexico,Paris,70672.0,2507.0,819.0,2020-05-10
United States,Texas,47246.0,1583.0,5291.0,2020-08-05
Germany,Moscow,12161.0,2644.0,829.0,2021-11-18
Spain,Berlin,,2778.0,61532.0,2020-06-19
United Kingdom,Maharashtra,,1221.0,44578.0,2021-04-19
Brazil,Karnataka,,785.0,21800.0,2021-09-03
Brazil,California,60860.0,1170.0,51445.0,2022-09-18
Spain,Karnataka,78199.0,2393.0,56109.0,2020-05-08
France,Berlin,72688.0,2664.0,61062.0,2020-02-26
Mexico,New York,66548.0,3550.0,62401.0,2020-06-29
Italy,California,63363.0,4707.0,,2020-09-02
France,Florida,12162.0,4645.0,63615.0,2020-05-23
Spain,California,88858.0,1105.0,28176.0,2020-02-20
Mexico,Berlin,74535.0,33.0,62210.0,2021-01-02
Mexico,Maharashtra,8219.0,4729.0,60577.0,2021-04-03
Russia,California,71864.0,3566.0,45940.0,2020-08-05
India,Berlin,4621.0,1089.0,37423.0,2021-09-07
Brazil,London,90792.0,4328.0,30302.0,2022-06-13
Spain,Paris,,188.0,63404.0,2021-07-20
Italy,Texas,77850.0,2857.0,60662.0,2020-09-13
India,London,,1970.0,65669.0,2022-05-07
United Kingdom,Berlin,55951.0,1483.0,68647.0,2020-06-04
Germany,Moscow,82718.0,,22575.0,2021-07-18
Russia,New York,37558.0,,9804.0,2021-03-17
Germany,Texas,16659.0,1222.0,60122.0,2022-04-20
India,Moscow,35413.0,819.0,54715.0,2022-08-13
India,Maharashtra,11435.0,429.0,13021.0,2021-11-29
Germany,Karnataka,54911.0,3669.0,24528.0,2022-05-25
Italy,Florida,29067.0,3826.0,39828.0,2021-10-23
Italy,Texas,88794.0,1288.0,27801.0,2022-02-14
United States,London,94823.0,2533.0,38515.0,2022-01-31
United Kingdom,New York,70224.0,1450.0,37345.0,2022-08-02
Italy,Moscow,74225.0,1350.0,,2022-03-20
United Kingdom,Berlin,2379.0,2231.0,44214.0,2022-07-11
United Kingdom,Texas,28624.0,2402.0,25730.0,2022-07-23
India,Karnataka,92500.0,,49762.0,2021-12-23
United Kingdom,Berlin,89427.0,601.0,42222.0,2020-01-25
Russia,Moscow,58745.0,536.0,46859.0,2022-03-16
Germany,New York,52805.0,,63296.0,2022-05-02
United States,California,13516.0,1302.0,40659.0,2021-10-25
Spain,Karnataka,80422.0,1664.0,,2021-06-19
France,Berlin,86843.0,4916.0,,2022-02-02
United States,Karnataka,25843.0,197.0,,2020-02-29
Russia,Maharashtra,6912.0,2768.0,35174.0,2021-04-11
United States,Berlin,22514.0,538.0,18605.0,2021-03-09
United Kingdom,Texas,88359.0,443.0,30239.0,2022-05-28
India,California,,3522.0,32469.0,2020-03-06
France,California,29797.0,1814.0,14997.0,2022-06-28
Italy,Florida,7449.0,312.0,2316.0,2021-07-18
India,Karnataka,2725.0,4192.0,59754.0,2022-07-16
United Kingdom,London,,447.0,69885.0,2020-04-15
United Kingdom,California,10304.0,2598.0,34326.0,2020-04-05
France,California,74058.0,842.0,63865.0,2022-09-14
France,Maharashtra,14663.0,806.0,,2021-11-18
Brazil,Paris,71320.0,569.0,4859.0,2021-07-04
Mexico,Maharashtra,,3598.0,13309.0,2020-06-16
Mexico,Maharashtra,95488.0,771.0,64950.0,2020-02-11
India,Paris,76591.0,3584.0,,2022-05-28
Italy,Karnataka,96044.0,3795.0,2593.0,2020-04-13
United States,Berlin,13676.0,2524.0,44998.0,2022-04-24
United Kingdom,New York,26192.0,694.0,41485.0,2020-07-22
United Kingdom,London,25722.0,4243.0,32509.0,2021-06-03
Brazil,California,8446.0,587.0,18218.0,2022-09-01
India,Florida,5725.0,4815.0,17205.0,2020-10-08
India,London,865970.0,237.0,63098.0,2022-06-26
Germany,Berlin,89207.0,2338.0,12739.0,2020-02-12
France,Paris,58632.0,2741.0,47122.0,2022-08-04
Italy,London,67945.0,837.0,47165.0,2020-04-19
France,California,74741.0,440.0,,2022-09-13
Italy,London,17365.0,1073.0,11919.0,2020-07-28
Russia,New York,66792.0,1719.0,15503.0,2022-01-18
Spain,Paris,658570.0,1244.0,31366.0,2022-05-17
Mexico,London,16704.0,311.0,22488.0,2022-04-10
Mexico,California,51575.0,1430.0,56394.0,2020-02-18
Italy,California,30902.0,4638.0,6174.0,2020-04-24
Mexico,London,2195.0,778.0,66946.0,2020-06-03
France,Karnataka,54517.0,1414.0,29572.0,2021-10-10
United Kingdom,Florida,35012.0,453.0,34217.0,2021-05-17
France,Moscow,12415.0,3114.0,27151.0,2021-11-09
Italy,Maharashtra,40534.0,4365.0,44791.0,2022-04-12
India,Paris,22686.0,3315.0,63850.0,2021-12-11
France,Moscow,78198.0,1548.0,5146.0,2022-09-12
Mexico,Berlin,29743.0,3940.0,,2020-03-11
Brazil,Berlin,,1341.0,68436.0,2021-06-02
Germany,California,62313.0,79.0,44831.0,2021-12-12
United Kingdom,Berlin,3402.0,,22685.0,2020-12-01
Mexico,Karnataka,64190.0,490.0,,2020-03-07
Brazil,Florida,53551.0,4104.0,67054.0,2021-05-07
Italy,Berlin,14275.0,3506.0,18063.0,2021-10-11
Russia,New York,29182.0,2803.0,16201.0,2022-01-23
Brazil,Florida,,2902.0,69572.0,2022-08-24
Spain,Karnataka,1909.0,1208.0,48717.0,2020-07-31
Russia,Moscow,,2382.0,45110.0,2020-06-29
United States,Florida,23620.0,1902.0,50631.0,2022-02-04
United Kingdom,Florida,,1893.0,29910.0,2021-09-04
Mexico,Moscow,75051.0,807.0,59215.0,2022-05-12
United States,Karnataka,3431.0,27.0,39165.0,2021-08-21
France,Berlin,87590.0,53.0,16457.0,2021-11-27
Italy,California,631750.0,,48627.0,2021-08-25
United Kingdom,Paris,33624.0,,64089.0,2020-09-04
India,Moscow,77121.0,3458.0,46508.0,2020-08-01
Russia,Moscow,62264.0,4848.0,62420.0,2020-12-24
India,Moscow,32958.0,4090.0,33375.0,2020-09-05
United States,Moscow,2695.0,1435.0,2126.0,2021-09-29
Brazil,Paris,50932.0,4330.0,64322.0,2022-07-11
Brazil,Paris,45225.0,,34142.0,2022-08-07
Italy,Berlin,2403.0,3649.0,38811.0,2022-05-30
United States,London,84346.0,,32856.0,2021-05-30
Germany,London,,1902.0,4309.0,2020-03-28
United Kingdom,Texas,39636.0,907.0,43871.0,2021-10-24
Russia,Moscow,11839.0,,,2020-06-24
Brazil,Moscow,66546.0,4550.0,9965.0,2021-12-23
Brazil,Florida,48829.0,1268.0,66595.0,2021-03-01
India,London,10230.0,2025.0,65750.0,2022-02-09
India,Berlin,52977.0,4843.0,,2021-08-25
Mexico,California,41232.0,1712.0,46523.0,2022-02-09
France,Texas,95792.0,883.0,47124.0,2022-07-12
Germany,Texas,26651.0,575.0,16927.0,2021-12-03
India,Berlin,98919.0,,33776.0,2020-03-21
India,California,40963.0,1895.0,3939.0,2022-07-15
United Kingdom,Florida,56872.0,2133.0,17800.0,2020-05-17
Mexico,Paris,80198.0,4652.0,60789.0,2021-03-08
India,Maharashtra,14739.0,2324.0,17682.0,2021-04-14
Russia,London,64294.0,4422.0,,2020-12-15
United Kingdom,Moscow,49356.0,3893.0,27409.0,2020-05-05
France,Berlin,2789.0,3202.0,20159.0,2022-05-30
United States,London,20420.0,1869.0,31903.0,2022-07-05
United Kingdom,Moscow,90297.0,34.0,34086.0,2022-05-17
United States,Maharashtra,38606.0,3513.0,,2020-11-04
Brazil,Maharashtra,39640.0,4265.0,21924.0,2022-05-04
Mexico,Paris,45135.0,1147.0,49291.0,2020-08-17
France,Karnataka,38067.0,1199.0,3565.0,2021-04-04
Mexico,Maharashtra,59420.0,,69295.0,2020-12-10
France,London,18357.0,4106.0,12800.0,2020-11-05
Mexico,New York,40851.0,3167.0,33870.0,2022-08-10
United Kingdom,New York,39262.0,,27709.0,2020-01-20
Mexico,Moscow,77853.0,4487.0,21427.0,2022-05-30
Spain,Moscow,,1751.0,35079.0,2021-07-14
France,Karnataka,22534.0,3698.0,9532.0,2021-10-08
United States,New York,92270.0,3756.0,41231.0,2021-06-24
France,Moscow,33872.0,907.0,,2021-07-13
Brazil,Maharashtra,8689.0,4033.0,50454.0,2021-04-21
Russia,Moscow,70103.0,726.0,,2020-09-25
Spain,Texas,87268.0,3977.0,34933.0,2020-01-03
Italy,Karnataka,87310.0,4031.0,16432.0,2022-02-08
France,Berlin,,,26214.0,2020-01-16
India,California,38412.0,400.0,58303.0,2021-08-28
United Kingdom,Florida,48734.0,3894.0,40243.0,2020-12-23
United Kingdom,California,88793.0,1709.0,3052.0,2021-10-07
Mexico,California,70930.0,3047.0,57127.0,2022-03-23
Mexico,Paris,23228.0,242.0,46487.0,2022-04-18
United Kingdom,Berlin,78924.0,1936.0,45880.0,2020-05-12
Germany,Moscow,12319.0,3141.0,29750.0,2020-11-07
Spain,Paris,7475.0,3316.0,68844.0,2022-08-24
Spain,California,98091.0,2734.0,65186.0,2021-04-26
United States,Texas,84694.0,4811.0,,2022-06-13
France,Florida,15728.0,243.0,15795.0,2021-06-27
Italy,California,30545.0,1401.0,55748.0,2020-10-31
United Kingdom,New York,97636.0,,11023.0,2020-09-25
France,Berlin,82686.0,1265.0,46030.0,2021-02-17
Spain,Berlin,99750.0,2548.0,14269.0,2020-01-25
Brazil,Berlin,99412.0,3700.0,63542.0,2022-09-07
United Kingdom,Karnataka,62756.0,899.0,45145.0,2020-11-11
France,Karnataka,69775.0,4697.0,62642.0,2021-07-24
Spain,Maharashtra,39699.0,755.0,26057.0,2021-12-25
Russia,London,37821.0,1729.0,37585.0,2021-10-29
Spain,Florida,31615.0,437.0,51208.0,2022-04-05
Mexico,Paris,14746.0,741.0,51857.0,2020-10-02
India,Moscow,87457.0,,13970.0,2022-07-18
Germany,California,23745.0,4307.0,,2021-01-23
Germany,London,2245.0,845.0,62528.0,2021-12-22
Mexico,Moscow,25853.0,144.0,51272.0,2021-03-19
Mexico,Paris,28632.0,2548.0,52604.0,2022-09-25
United Kingdom,London,13856.0,3728.0,7130.0,2021-03-02
Russia,Moscow,,50.0,16201.0,2020-02-26
Russia,Texas,71641.0,3377.0,15359.0,2021-11-27
United Kingdom,Karnataka,69049.0,2425.0,21683.0,2022-08-28
France,Paris,59182.0,2050.0,40938.0,2021-07-19
United Kingdom,Florida,3801.0,4349.0,42744.0,2021-12-21
Italy,New York,98881.0,2959.0,15521.0,2021-01-02
Italy,Texas,,4271.0,,2022-07-29
Germany,Karnataka,40749.0,3476.0,48543.0,2020-12-07
Spain,Berlin,74757.0,3098.0,64861.0,2022-03-15
United Kingdom,Karnataka,56654.0,4833.0,1745.0,2022-05-01
United Kingdom,London,72574.0,1125.0,41511.0,2020-10-30
France,Maharashtra,98567.0,4588.0,10855.0,2022-02-02
United States,Texas,56381.0,2600.0,,2021-01-08
Germany,Berlin,59601.0,3583.0,49504.0,2022-08-07
Germany,London,16082.0,2988.0,30214.0,2022-03-26
Germany,Paris,15648.0,2457.0,17698.0,2020-04-21
Spain,Florida,,1240.0,,2022-05-27
Mexico,Karnataka,35568.0,2676.0,2152.0,2020-01-06
Brazil,Paris,80646.0,4985.0,44125.0,2022-07-18
United States,Berlin,72494.0,4935.0,19240.0,2021-12-03
Spain,London,75632.0,,4310.0,2022-04-25
Italy,Maharashtra,8436.0,4268.0,17069.0,2022-08-01
France,Karnataka,87713.0,2604.0,27283.0,2020-10-05
Mexico,Florida,27754.0,3440.0,9971.0,2021-01-16
Italy,Maharashtra,61194.0,2927.0,6663.0,2022-05-01
Mexico,Moscow,25544.0,2962.0,63587.0,2020-01-13
Russia,London,61180.0,2005.0,62571.0,2020-10-29
Germany,Paris,64295.0,3901.0,16565.0,2021-07-09
Mexico,Karnataka,13638.0,316.0,48848.0,2021-09-08
India,Karnataka,66715.0,1372.0,19654.0,2020-06-08
Germany,Berlin,70409.0,2112.0,20729.0,2020-06-02
Germany,Florida,84106.0,3040.0,53087.0,2022-01-23
France,New York,18157.0,,,2020-06-29
United States,Moscow,46565.0,2762.0,27497.0,2021-06-09
Italy,Maharashtra,70996.0,252.0,21601.0,2020-06-28
Mexico,Texas,66888.0,1894.0,40891.0,2021-01-11
Mexico,Texas,57095.0,1442.0,59905.0,2022-03-14
Russia,Karnataka,65947.0,2560.0,35448.0,2022-02-14
Germany,Berlin,88122.0,312.0,53531.0,2020-06-16
United Kingdom,California,71880.0,4340.0,38421.0,2020-08-01
Brazil,Karnataka,5507.0,3119.0,28960.0,2020-05-29
United Kingdom,Texas,44988.0,,21571.0,2020-01-16
Mexico,Texas,,4300.0,66618.0,2020-03-31
United Kingdom,Moscow,17865.0,1560.0,48782.0,2020-04-29
France,Paris,28213.0,,58945.0,2022-08-13
India,California,56954.0,656.0,55316.0,2020-09-09
Mexico,Karnataka,58450.0,4666.0,3560.0,2020-02-29
Mexico,Moscow,5477.0,722.0,14231.0,2020-09-22
India,Berlin,63222.0,4518.0,21219.0,2021-02-12
Italy,Moscow,7533.0,547.0,,2020-01-31
India,Karnataka,50395.0,244.0,49616.0,2020-01-21
United Kingdom,London,24396.0,2406.0,26825.0,2021-12-31
France,New York,13755.0,1514.0,23097.0,2021-08-15
Russia,Karnataka,1865.0,1384.0,67939.0,2020-10-15
Italy,Florida,,4521.0,,2021-06-26
Spain,Texas,59905.0,1919.0,24778.0,2021-05-12
Russia,California,39097.0,925.0,15641.0,2022-01-15
United States,California,34371.0,3968.0,68413.0,2021-04-18
United States,Paris,12254.0,90.0,34115.0,2021-02-08
United States,New York,5018.0,2093.0,63251.0,2021-07-01
United States,Florida,6192.0,2698.0,27952.0,2022-08-18
France,Texas,3015.0,1700.0,23225.0,2020-05-11
Russia,California,69916.0,766.0,50891.0,2020-11-19
Germany,Florida,29343.0,2680.0,12198.0,2022-05-07
Brazil,Moscow,70306.0,3761.0,2865.0,2020-05-11
Italy,Paris,6829.0,,43872.0,2021-06-04
Spain,Karnataka,35381.0,477.0,44634.0,2020-01-30
United Kingdom,Karnataka,82081.0,1504.0,38323.0,2021-09-18
Mexico,London,19263.0,,2449.0,2020-10-27
United States,Texas,54260.0,911.0,49896.0,2020-01-04
Spain,Florida,44306.0,682.0,,2020-11-20
Mexico,Maharashtra,,448.0,57447.0,2021-05-23
Brazil,California,59418.0,4232.0,,2020-08-24
Spain,Berlin,91898.0,2086.0,64465.0,2021-06-18
Russia,Berlin,1148.0,454.0,17008.0,2020-01-16
Spain,Karnataka,2754.0,975.0,46092.0,2021-06-17
United States,Maharashtra,,3800.0,2419.0,2022-09-23
Brazil,Berlin,73914.0,473.0,,2021-08-06
United Kingdom,New York,,2208.0,10117.0,2022-03-26
Germany,New York,21140.0,2297.0,33798.0,2021-03-21
India,Texas,75907.0,3775.0,7429.0,2022-09-19
United States,Maharashtra,61653.0,3186.0,14956.0,2021-05-17
Mexico,New York,93535.0,4018.0,38424.0,2022-08-13
Brazil,New York,62521.0,3514.0,24740.0,2020-08-17
Russia,Karnataka,79315.0,922.0,9728.0,2020-04-16
France,Berlin,32075.0,506.0,22186.0,2021-12-20
Brazil,Texas,31697.0,1473.0,12420.0,2021-01-23
Mexico,Florida,,4263.0,7932.0,2021-12-20
India,Moscow,10795.0,4277.0,64075.0,2020-09-19
India,California,65555.0,503.0,34410.0,2021-07-16
Italy,California,53204.0,1436.0,30726.0,2020-03-05
Germany,Paris,70754.0,1702.0,59599.0,2020-09-21
Mexico,Moscow,65860.0,1803.0,18513.0,2020-12-03
India,Moscow,52529.0,2733.0,21946.0,2020-10-27
Italy,California,12672.0,668.0,63009.0,2021-01-12
Italy,California,55238.0,,1057.0,2020-06-23
Italy,Florida,97578.0,4472.0,31166.0,2022-08-20
Brazil,Maharashtra,36950.0,559.0,37889.0,2020-05-31
Italy,Maharashtra,12009.0,652.0,,2021-04-20
United States,Florida,,4360.0,25078.0,2020-09-22
Mexico,Berlin,20544.0,217.0,10096.0,2020-11-24
United States,Moscow,56728.0,2507.0,58000.0,2022-08-30
France,London,30381.0,4200.0,10629.0,2022-03-26
India,Moscow,26287.0,1893.0,63894.0,2020-06-11
Germany,Paris,,,66546.0,2021-03-13
Italy,California,69122.0,,12096.0,2020-12-08
Russia,Moscow,69184.0,771.0,65855.0,2021-01-01
Russia,California,41081.0,199.0,13474.0,2021-04-09
India,Moscow,84637.0,,67173.0,2022-01-19
France,Paris,46312.0,1456.0,22318.0,2020-07-17
Russia,Berlin,88228.0,,43746.0,2021-05-14
United States,London,,1673.0,56098.0,2020-01-16
Spain,New York,83790.0,1845.0,3154.0,2022-03-31
Brazil,Florida,81770.0,4238.0,34258.0,2020-10-22
United Kingdom,Florida,53726.0,4160.0,24704.0,2022-05-17
Russia,London,23211.0,4070.0,35428.0,2021-05-25
Germany,Moscow,30480.0,4615.0,54109.0,2022-02-26
Italy,New York,48780.0,4775.0,,2022-09-10
Germany,Paris,58138.0,,10836.0,2020-08-26
Mexico,Maharashtra,91382.0,1699.0,47537.0,2021-08-03
Brazil,Moscow,43503.0,1326.0,16706.0,2020-10-27
United States,Berlin,58893.0,4839.0,35331.0,2020-01-06
France,California,47193.0,3196.0,44063.0,2020-08-07
Brazil,Texas,62358.0,4030.0,18861.0,2022-02-04
United Kingdom,Moscow,81857.0,,41835.0,2021-03-28
Spain,Texas,79182.0,1155.0,26316.0,2021-03-08
Russia,Moscow,23117.0,4404.0,16119.0,2022-03-17
France,London,60056.0,570.0,27319.0,2022-05-19
France,Texas,,1922.0,,2021-01-20
Russia,Moscow,71429.0,1874.0,9298.0,2021-09-10
Russia,Florida,10476.0,306.0,,2020-10-21
Russia,Texas,83806.0,2419.0,50195.0,2020-04-27
Russia,Moscow,56006.0,2646.0,33247.0,2021-02-08
Russia,Maharashtra,88238.0,1471.0,21682.0,2021-11-10
France,California,70918.0,4302.0,9915.0,2022-09-23
India,Maharashtra,64155.0,2278.0,11585.0,2022-02-01
India,New York,68321.0,1004.0,15508.0,2021-08-16
Germany,Moscow,46798.0,17.0,18952.0,2021-07-19
India,Karnataka,78271.0,2601.0,64575.0,2022-01-21
United Kingdom,Berlin,31177.0,2525.0,8620.0,2022-05-27
India,Maharashtra,97248.0,4425.0,64885.0,2020-01-12
France,Texas,83215.0,1427.0,18670.0,2020-07-27
Russia,London,44013.0,2326.0,16759.0,2020-06-13
Italy,Berlin,83600.0,3942.0,22599.0,2022-05-27
Italy,Karnataka,97099.0,,10149.0,2020-10-20
United Kingdom,Paris,54450.0,2854.0,59758.0,2022-06-29
Mexico,Moscow,99628.0,1128.0,41537.0,2021-06-02
France,London,,562.0,12305.0,2020-03-18
United States,Moscow,93403.0,670.0,43647.0,2021-03-09
Brazil,New York,,725.0,46553.0,2021-07-30
Germany,Karnataka,86038.0,3595.0,11485.0,2021-09-05
United States,Moscow,1760.0,3771.0,12891.0,2022-08-20
France,Texas,25142.0,2539.0,5361.0,2022-05-18
India,New York,,3980.0,64082.0,2022-03-22
Russia,Florida,72035.0,3417.0,52428.0,2022-03-09
United States,Paris,,1468.0,34864.0,2021-11-13
Brazil,Karnataka,57921.0,3277.0,43423.0,2020-03-17
Mexico,California,20797.0,864.0,8419.0,2020-02-17
Italy,London,33535.0,4770.0,,2022-02-05
Mexico,Maharashtra,,3547.0,47896.0,2020-03-22
Brazil,Moscow,481760.0,1907.0,35340.0,2022-06-13
Russia,London,17105.0,,42755.0,2021-12-21
India,London,,4097.0,8676.0,2020-07-27
Brazil,California,,1282.0,34029.0,2021-03-20
Germany,California,43029.0,4384.0,56906.0,2022-08-28
Brazil,New York,168630.0,,13441.0,2021-08-18
France,Karnataka,79097.0,825.0,2169.0,2021-06-05
India,Texas,11447.0,4381.0,45359.0,2020-01-29
Russia,Paris,97160.0,932.0,56286.0,2020-10-30
Italy,California,,4747.0,51583.0,2022-09-20
Italy,California,78947.0,,40576.0,2021-04-09
Brazil,Maharashtra,86001.0,4877.0,20823.0,2021-05-16
France,Florida,20642.0,1274.0,,2021-03-21
United States,California,97798.0,3734.0,,2021-09-19
Mexico,Florida,96899.0,2797.0,50855.0,2021-05-04
Mexico,New York,68643.0,2732.0,45232.0,2022-02-19
Mexico,Texas,8928.0,4233.0,9211.0,2021-03-03
United States,London,49002.0,2560.0,63579.0,2021-07-12
France,California,85853.0,2959.0,8404.0,2020-12-24
Mexico,Moscow,26017.0,1683.0,64533.0,2022-08-17
Germany,Florida,80064.0,4597.0,55596.0,2020-03-31
United States,Maharashtra,,3102.0,3593.0,2020-02-22
United States,Paris,2559.0,2848.0,25418.0,2021-12-30
Russia,Maharashtra,51893.0,1676.0,63136.0,2022-05-09
Russia,California,16167.0,,,2021-08-11
India,Karnataka,81879.0,2205.0,9894.0,2020-07-22
Germany,London,39598.0,1394.0,13780.0,2021-07-09
Germany,Texas,,4413.0,36803.0,2020-06-04
India,Moscow,50777.0,3964.0,,2020-01-02
Germany,Karnataka,29439.0,2909.0,61195.0,2020-12-22
United Kingdom,Maharashtra,82060.0,70.0,68949.0,2022-04-04
Spain,Florida,14285.0,3957.0,26265.0,2021-07-22
Mexico,Florida,11973.0,2300.0,2840.0,2022-03-12
Russia,Karnataka,23694.0,482.0,38557.0,2022-09-09
India,Florida,36774.0,968.0,,2020-02-27
India,Maharashtra,5302.0,,58488.0,2020-09-10
Germany,Karnataka,,503.0,15525.0,2020-06-28
United States,Maharashtra,5611.0,91.0,7645.0,2021-05-07
Italy,Moscow,10372.0,4984.0,56297.0,2021-10-30
Brazil,London,25312.0,2980.0,42223.0,2020-02-04
Brazil,Paris,15080.0,21.0,5330.0,2020-03-15
India,Moscow,81618.0,4554.0,24430.0,2022-08-01
Mexico,Moscow,97213.0,771.0,24252.0,2020-10-15
United Kingdom,Florida,21874.0,3195.0,62540.0,2021-01-05
Mexico,California,63537.0,35.0,68196.0,2021-08-09
India,Berlin,74914.0,1816.0,65148.0,2020-11-24
Mexico,Florida,2597.0,4167.0,55530.0,2021-08-12
Russia,California,12600.0,4334.0,57315.0,2022-02-05
Mexico,Maharashtra,,4712.0,36190.0,2022-02-15
Germany,Berlin,80415.0,3669.0,58423.0,2022-09-25
Germany,Florida,,1535.0,37072.0,2020-10-30
United Kingdom,Berlin,25815.0,770.0,54530.0,2021-08-01
Russia,Berlin,85500.0,604.0,68404.0,2020-08-08
Italy,New York,95348.0,1065.0,,2022-09-05
United States,London,25714.0,,6108.0,2020-06-12
Russia,New York,19890.0,,46167.0,2021-04-24
France,California,62509.0,3926.0,56047.0,2021-03-30
Spain,Texas,62824.0,3685.0,22985.0,2021-01-09
India,Karnataka,5725.0,2058.0,10362.0,2020-08-07
France,Paris,44205.0,1468.0,58060.0,2021-11-14
United Kingdom,Texas,21684.0,1229.0,28915.0,2020-09-10
France,Karnataka,92861.0,,,2021-12-22
Germany,California,58911.0,4191.0,19823.0,2020-07-06
Mexico,California,99078.0,1509.0,53714.0,2020-07-09
United States,Maharashtra,14092.0,1840.0,18497.0,2021-01-23
Brazil,Paris,96918.0,3405.0,57503.0,2020-08-02
India,London,40770.0,1213.0,4179.0,2021-01-09
Brazil,Berlin,26457.0,4280.0,40808.0,2020-03-26
Mexico,New York,72667.0,2820.0,40342.0,2021-04-18
Germany,New York,91751.0,3102.0,65908.0,2021-09-09
Germany,California,63894.0,3054.0,54438.0,2022-04-23
Mexico,New York,62305.0,4683.0,6195.0,2022-03-18
India,California,13612.0,3524.0,58999.0,2021-06-14
Brazil,Berlin,79627.0,1808.0,23882.0,2020-02-16
Russia,California,38089.0,2585.0,14735.0,2020-03-05
Germany,Maharashtra,,154.0,62723.0,2022-08-20
Brazil,London,53137.0,,2866.0,2021-04-19
Italy,Moscow,1559.0,3936.0,27967.0,2020-05-25
Brazil,Florida,67249.0,1387.0,59816.0,2022-08-03
Italy,London,38361.0,3156.0,7264.0,2022-03-08
Italy,London,81720.0,1835.0,62336.0,2021-01-16
Germany,Texas,16261.0,803.0,32423.0,2020-03-06
India,Paris,21372.0,1611.0,16792.0,2021-05-31
United Kingdom,Paris,,4424.0,2114.0,2020-04-02
Germany,Karnataka,,1120.0,21439.0,2022-05-14
India,Florida,99560.0,4063.0,19300.0,2021-03-01
India,Berlin,58920.0,4803.0,56940.0,2021-04-12
France,Moscow,33544.0,3947.0,23746.0,2020-04-03
Mexico,Moscow,1037.0,3973.0,53305.0,2021-09-09
Mexico,Paris,44032.0,4952.0,50148.0,2020-05-12
Mexico,London,79233.0,792.0,,2021-03-09
Spain,Maharashtra,42420.0,1126.0,,2020-12-06
Germany,Karnataka,98243.0,1760.0,30264.0,2020-11-09
India,California,92552.0,,32970.0,2021-08-13
France,Karnataka,35600.0,4037.0,39001.0,2020-07-30
Italy,Texas,49285.0,3346.0,57707.0,2021-06-03
United Kingdom,Karnataka,63008.0,4397.0,62657.0,2020-06-07
United Kingdom,London,90520.0,1497.0,3716.0,2020-09-24
Italy,Berlin,6167.0,,22572.0,2021-10-22
Brazil,London,1432.0,3641.0,37632.0,2022-05-11
Brazil,Paris,70687.0,4202.0,18361.0,2022-08-15
Mexico,Berlin,72947.0,3968.0,64686.0,2021-08-25
Germany,New York,97324.0,3407.0,5460.0,2022-01-17
Spain,Berlin,,83.0,19281.0,2021-04-18
France,Karnataka,93159.0,1369.0,31626.0,2022-03-11
United Kingdom,Karnataka,55149.0,1101.0,23078.0,2021-02-13
Mexico,Karnataka,88640.0,4863.0,18383.0,2021-04-18
United States,New York,57768.0,1951.0,30282.0,2020-12-21
Mexico,Paris,61184.0,3158.0,,2021-11-10
United States,California,66792.0,4313.0,17479.0,2020-07-11
Russia,Florida,34439.0,1254.0,34246.0,2021-11-29
India,Paris,34257.0,1295.0,66766.0,2020-09-27
Italy,Karnataka,45674.0,4515.0,556.0,2020-04-23
India,Paris,52248.0,3046.0,31957.0,2022-06-15
Mexico,Texas,84602.0,780.0,2743.0,2021-06-06
India,Moscow,,1853.0,55531.0,2020-02-24
France,Moscow,99282.0,83.0,2201.0,2022-02-08
Russia,Florida,68996.0,1670.0,56881.0,2020-03-05
Spain,Florida,38297.0,4359.0,50938.0,2022-09-17
Russia,California,55273.0,,66983.0,2021-11-14
United Kingdom,Texas,62256.0,3828.0,21005.0,2020-09-28
France,London,35743.0,,7053.0,2021-05-16
India,Paris,69752.0,1431.0,34025.0,2021-10-23
Spain,Berlin,80803.0,3665.0,44848.0,2020-12-27
India,Berlin,76117.0,4941.0,7773.0,2020-05-25
Germany,London,71051.0,1701.0,64736.0,2022-07-31
Germany,Moscow,23076.0,,4035.0,2020-07-27
Brazil,London,76312.0,4418.0,,2020-10-12
Russia,Paris,88483.0,237.0,1408.0,2020-01-10
Spain,Texas,3963.0,2891.0,35579.0,2022-01-08
Germany,Karnataka,73322.0,4963.0,49823.0,2020-07-04
Brazil,New York,14866.0,2875.0,45820.0,2021-07-27
France,Karnataka,33305.0,2585.0,46605.0,2021-08-19
Spain,New York,63403.0,4532.0,30664.0,2021-04-08
Brazil,Berlin,83896.0,474.0,2385.0,2020-05-13
Italy,Florida,33813.0,287.0,58319.0,2022-04-14
Spain,Paris,67729.0,4124.0,,2022-03-19
Mexico,Karnataka,61686.0,75.0,53781.0,2020-06-19
Brazil,London,5512.0,4272.0,43771.0,2020-07-31
India,Texas,23666.0,412.0,,2022-08-30
Mexico,Texas,17630.0,3993.0,66851.0,2021-06-13
Italy,Moscow,75519.0,4514.0,,2022-04-05
Germany,Texas,1636.0,3488.0,58597.0,2021-05-16
United States,Texas,4775.0,3454.0,,2021-07-25
Brazil,Florida,68957.0,4702.0,25537.0,2021-08-22
France,London,65591.0,,36507.0,2020-01-27
Brazil,Berlin,79561.0,3049.0,27778.0,2020-03-08
United States,Texas,75816.0,1447.0,8772.0,2022-02-28
Italy,Berlin,12351.0,438.0,57683.0,2021-02-11
Italy,Florida,56184.0,2692.0,38794.0,2021-07-05
Mexico,Texas,96707.0,2787.0,63009.0,2020-04-18
Spain,Paris,70180.0,3388.0,5194.0,2020-03-14
France,Moscow,82678.0,402.0,58650.0,2021-07-31
Mexico,Karnataka,74309.0,4551.0,67970.0,2021-11-10
France,Paris,95002.0,351.0,22056.0,2020-09-18
France,Maharashtra,11778.0,142.0,64971.0,2021-01-02
United States,California,13501.0,274.0,50355.0,2022-02-24
Mexico,Texas,3108.0,4198.0,49586.0,2022-04-28
France,Berlin,95905.0,1695.0,19407.0,2022-05-19
United Kingdom,California,37382.0,1444.0,48987.0,2020-08-24
United States,New York,92354.0,1670.0,29658.0,2021-12-27
Italy,Texas,76787.0,3827.0,20793.0,2020-12-31
United States,Maharashtra,24341.0,2364.0,46261.0,2020-10-12
India,Florida,78214.0,275.0,,2021-01-12
India,Moscow,15367.0,4751.0,41250.0,2021-10-22
France,Maharashtra,,1146.0,,2022-04-09
Mexico,Berlin,70868.0,,,2022-06-24
Italy,Florida,13002.0,4936.0,6094.0,2021-01-10
United States,Karnataka,86820.0,1400.0,2960.0,2021-09-10
Mexico,Florida,60949.0,1122.0,55198.0,2021-10-14
United States,Texas,16700.0,2244.0,16691.0,2020-03-16
United States,California,80305.0,2876.0,11029.0,2020-01-09
United Kingdom,California,63543.0,,,2020-07-14
India,Berlin,30318.0,2189.0,18175.0,2022-03-17
United States,Florida,90859.0,4977.0,43658.0,2022-03-02
United Kingdom,Maharashtra,,644.0,47298.0,2022-06-11
India,Berlin,73499.0,3641.0,26476.0,2021-09-21
United Kingdom,Moscow,74374.0,1409.0,63616.0,2020-10-16
Mexico,Berlin,66226.0,4796.0,63321.0,2022-09-25
Spain,Berlin,46167.0,2749.0,12704.0,2020-03-01
India,Karnataka,,3180.0,,2022-07-25
Germany,Paris,,1875.0,7894.0,2021-01-23
Spain,Texas,62365.0,1965.0,65314.0,2022-04-26
Mexico,Karnataka,68381.0,4687.0,34093.0,2022-03-28
United States,California,47710.0,2228.0,42464.0,2022-06-18
Italy,California,17766.0,1399.0,,2021-07-16
Mexico,New York,13780.0,4889.0,943.0,2021-07-17
United Kingdom,New York,49458.0,3140.0,,2021-09-25
United Kingdom,Maharashtra,57221.0,4286.0,,2021-11-09
United Kingdom,California,2509.0,4124.0,44165.0,2020-01-08
United Kingdom,Paris,90493.0,,,2021-01-03
Mexico,Karnataka,35346.0,3176.0,68747.0,2020-02-14
Italy,Moscow,83799.0,1255.0,,2020-12-09
Brazil,Paris,,63.0,25698.0,2022-01-26
United Kingdom,New York,27148.0,2920.0,55240.0,2022-03-06
Brazil,Florida,32533.0,2406.0,22988.0,2021-01-09
Italy,Paris,79467.0,452.0,39015.0,2021-09-10
Italy,Paris,2359.0,4685.0,,2020-01-27
Spain,Paris,91068.0,3621.0,2419.0,2020-07-11
India,Paris,61313.0,4387.0,50570.0,2022-07-18
Germany,Paris,21344.0,2417.0,63113.0,2022-04-28
France,New York,70778.0,832.0,47503.0,2020-12-22
Germany,California,21601.0,3712.0,48978.0,2020-03-02
Mexico,Berlin,,2949.0,,2020-03-02
France,Paris,57985.0,4746.0,46746.0,2021-02-25
Italy,Paris,31782.0,,37149.0,2022-03-04
Germany,Texas,50819.0,2026.0,59530.0,2021-09-24
Russia,California,85416.0,572.0,53561.0,2022-03-02
India,Berlin,70035.0,2548.0,2499.0,2021-07-04
Germany,Moscow,,350.0,15349.0,2021-01-14
India,Moscow,45458.0,4577.0,53300.0,2020-10-03
Brazil,Florida,92556.0,3785.0,5945.0,2021-08-28
Mexico,London,9080.0,2306.0,18540.0,2021-03-06
India,Karnataka,89743.0,,64815.0,2020-04-24
Brazil,Texas,34957.0,1126.0,746.0,2021-11-18
United Kingdom,California,14908.0,1918.0,31653.0,2020-04-30
Brazil,California,97188.0,1427.0,5712.0,2021-06-08
Mexico,London,96880.0,4929.0,3839.0,2022-09-23
Spain,Florida,91570.0,1301.0,56738.0,2022-06-17
United Kingdom,Maharashtra,92324.0,3498.0,19894.0,2021-02-19
Italy,New York,79287.0,4737.0,54371.0,2020-06-11
United States,Florida,48482.0,3664.0,35107.0,2022-02-25
Brazil,Berlin,99375.0,,,2022-06-28
Brazil,Florida,39314.0,3334.0,4895.0,2021-11-18
India,London,75921.0,1990.0,15790.0,2022-09-08
Italy,London,84768.0,2949.0,65578.0,2020-12-02
Germany,Karnataka,16831.0,1339.0,4191.0,2021-01-13
Russia,Texas,21125.0,1243.0,7970.0,2020-11-19
France,Paris,,1763.0,4341.0,2020-06-21
Brazil,Moscow,46708.0,2810.0,63697.0,2022-09-26
Germany,London,18682.0,2943.0,56273.0,2022-02-25
Russia,Karnataka,83824.0,2769.0,18276.0,2020-03-04
France,New York,,2785.0,,2020-04-10
United States,Moscow,60372.0,3497.0,4800.0,2020-11-17
India,Maharashtra,,3860.0,3838.0,2022-09-01
Germany,California,54863.0,,63101.0,2020-03-06
India,New York,90941.0,900.0,,2022-04-22
France,Maharashtra,39737.0,2075.0,36782.0,2021-07-10
